考号,政治,英语,数学,408,总分
103586210008833,78,87,147,128,440
103586210010661,75,88,141,135,439
103586210008540,74,86,148,127,435
103586210009274,74,87,147,126,434
103586210009204,72,92,140,129,433
103586210010277,71,86,149,127,433
103586210010932,76,86,146,125,433
103586210010128,69,92,139,131,431
103586210009290,69,81,143,136,429
103586210010279,68,87,148,126,429
103586210010645,72,80,149,127,428
103586210010757,69,83,149,127,428
103586210009279,71,83,150,123,427
103586210011339,74,82,148,123,427
103586210010266,68,82,147,130,427
103586210009084,69,82,145,131,427
103586210009027,70,85,149,123,427
103586210008541,71,86,148,121,426
103586210011163,65,85,149,127,426
103586210009775,71,84,148,123,426
103586210009163,74,88,147,117,426
103586210009528,71,88,141,125,425
103586210011672,64,86,150,125,425
103586210010573,73,81,144,127,425
103586210009242,75,86,148,115,424
103586210011703,72,78,148,125,423
103586210009535,69,83,146,125,423
103586210011379,68,84,150,121,423
103586210011093,73,86,149,115,423
103586210010916,73,87,150,112,422
103586210011336,67,84,147,124,422
103586210009586,68,82,147,125,422
103586210008734,65,88,137,132,422
103586210012148,71,81,144,125,421
103586210011514,68,85,147,121,421
103586210010445,76,85,145,115,421
103586210010758,68,88,149,116,421
103586210012488,71,88,141,121,421
103586210010273,69,89,147,115,420
103586210010746,68,80,149,123,420
103586210009182,65,86,149,120,420
103586210009296,70,78,150,122,420
103586210011573,75,83,145,117,420
103586210009764,70,84,149,117,420
103586210010472,70,82,142,126,420
103586210012455,71,77,148,124,420
103586210009245,65,88,145,122,420
103586210011023,71,79,149,120,419
103586210010805,74,84,149,112,419
103586210012063,68,85,148,118,419
103586210010801,64,81,148,126,419
103586210012388,70,87,148,114,419
103586210012337,61,79,148,130,418
103586210012226,65,86,143,124,418
103586210011975,73,83,143,119,418
103586210011456,73,76,150,119,418
103586210010432,68,84,147,119,418
103586210008749,73,81,147,117,418
103586210010806,63,84,148,123,418
103586210010274,60,92,144,122,418
103586210009891,72,84,137,125,418
103586210010752,74,84,138,122,418
103586210011367,69,87,142,120,418
103586210008898,64,84,148,122,418
103586210008747,76,85,135,122,418
103586210010121,74,94,146,104,418
103586210012156,65,80,147,126,418
103586210009987,66,84,144,124,418
103586210011589,68,82,141,126,417
103586210011652,67,80,148,122,417
103586210008737,68,91,142,116,417
103586210011459,67,78,149,123,417
103586210010150,66,87,144,120,417
103586210011365,63,82,145,127,417
103586210011341,69,83,142,123,417
103586210010508,71,79,142,125,417
103586210010904,72,85,148,112,417
103586210011203,67,83,144,122,416
103586210012047,65,86,141,124,416
103586210012127,71,84,143,118,416
103586210011927,72,85,138,121,416
103586210012035,64,85,140,127,416
103586210011381,67,86,145,118,416
103586210011389,67,80,149,120,416
103586210010247,61,88,147,120,416
103586210012341,67,81,147,121,416
103586210008530,70,86,144,116,416
103586210010965,68,88,138,121,415
103586210011125,72,81,141,121,415
103586210009133,69,83,145,118,415
103586210011241,67,83,142,123,415
103586210009297,61,86,146,122,415
103586210010011,70,91,138,116,415
103586210012105,73,86,143,113,415
103586210009246,60,87,145,123,415
103586210011382,71,88,148,108,415
103586210010743,73,91,135,116,415
103586210011458,68,83,145,119,415
103586210010875,67,83,148,117,415
103586210009212,72,78,146,118,414
103586210009243,70,86,143,115,414
103586210009916,74,85,140,115,414
103586210009980,75,84,130,125,414
103586210009962,72,76,144,122,414
103586210009563,69,88,142,115,414
103586210011919,64,84,145,121,414
103586210011818,71,86,143,114,414
103586210010777,67,84,145,118,414
103586210009404,65,87,145,117,414
103586210012179,71,83,145,115,414
103586210010962,68,83,147,116,414
103586210011501,67,81,142,124,414
103586210010864,72,82,145,114,413
103586210010466,75,78,141,119,413
103586210010142,66,86,147,114,413
103586210011629,67,87,149,110,413
103586210009806,64,82,142,125,413
103586210009422,70,83,132,128,413
103586210010906,68,81,143,121,413
103586210010544,66,84,145,118,413
103586210010768,69,83,144,117,413
103586210010105,76,90,141,106,413
103586210009770,63,78,149,123,413
103586210011970,69,82,139,123,413
103586210011049,73,88,142,110,413
103586210010899,67,87,144,114,412
103586210008731,70,84,144,114,412
103586210009362,70,85,145,112,412
103586210010987,71,86,138,117,412
103586210009276,64,82,148,118,412
103586210012322,70,82,147,113,412
103586210010637,68,85,144,115,412
103586210009573,66,81,147,118,412
103586210012251,69,80,144,119,412
103586210009291,74,82,142,114,412
103586210010583,72,79,143,117,411
103586210011109,69,85,143,114,411
103586210010437,72,90,138,111,411
103586210009298,65,81,138,127,411
103586210010609,71,81,140,119,411
103586210008621,67,81,149,114,411
103586210011183,72,85,145,109,411
103586210008620,66,87,148,110,411
103586210011426,66,88,140,117,411
103586210009254,71,84,141,115,411
103586210010909,71,86,140,114,411
103586210011100,63,84,146,118,411
103586210009554,71,88,129,123,411
103586210009567,71,89,150,101,411
103586210012025,69,84,143,114,410
103586210012054,70,79,149,112,410
103586210008950,68,83,142,117,410
103586210008553,69,86,144,111,410
103586210011730,73,82,144,111,410
103586210008882,72,87,142,109,410
103586210008880,62,85,143,120,410
103586210010528,71,86,135,118,410
103586210010739,75,81,145,109,410
103586210010535,70,88,137,115,410
103586210009077,65,84,140,121,410
103586210012019,70,84,147,109,410
103586210011439,68,87,135,120,410
103586210009566,67,86,139,118,410
103586210009883,66,79,145,119,409
103586210012410,70,86,145,108,409
103586210010822,70,70,148,121,409
103586210011593,62,84,143,120,409
103586210009463,68,87,145,109,409
103586210010143,64,84,148,113,409
103586210010002,70,82,141,116,409
103586210011350,68,93,135,113,409
103586210012069,69,86,139,115,409
103586210009793,69,86,149,105,409
103586210012295,78,84,130,117,409
103586210012446,62,76,147,124,409
103586210010781,68,88,148,105,409
103586210010434,66,86,144,112,408
103586210010627,63,83,150,112,408
103586210012014,66,80,142,120,408
103586210009556,67,79,142,120,408
103586210010852,74,84,145,105,408
103586210010405,65,84,147,112,408
103586210009569,65,76,148,119,408
103586210009016,69,85,143,111,408
103586210008556,76,80,148,104,408
103586210012048,68,84,141,115,408
103586210009138,67,82,139,120,408
103586210009259,65,87,145,111,408
103586210012195,73,89,136,110,408
103586210011666,68,83,143,114,408
103586210011033,71,80,142,115,408
103586210012262,69,82,139,118,408
103586210012232,67,82,145,114,408
103586210011810,67,83,143,115,408
103586210009546,69,87,133,119,408
103586210010420,74,86,133,115,408
103586210011562,70,88,144,106,408
103586210010860,67,80,139,122,408
103586210008535,69,82,144,113,408
103586210009079,61,84,149,113,407
103586210011162,72,79,147,109,407
103586210012430,63,81,148,115,407
103586210009206,67,85,141,114,407
103586210011654,66,79,148,114,407
103586210009273,74,87,128,118,407
103586210012254,71,89,140,107,407
103586210008544,62,85,144,116,407
103586210011122,70,81,133,123,407
103586210008558,67,83,138,119,407
103586210010033,71,81,138,117,407
103586210011826,63,81,139,124,407
103586210011938,61,87,138,121,407
103586210010911,73,84,141,109,407
103586210009547,66,86,140,114,406
103586210008748,67,86,142,111,406
103586210010429,74,85,134,113,406
103586210010154,71,93,141,101,406
103586210011695,71,83,143,109,406
103586210009227,81,82,133,110,406
103586210011137,66,85,149,106,406
103586210010037,68,70,148,120,406
103586210011274,71,81,144,110,406
103586210009051,73,84,147,102,406
103586210009283,67,84,143,112,406
103586210008876,67,81,138,120,406
103586210011535,68,86,133,119,406
103586210009289,70,80,148,108,406
103586210009306,70,84,142,110,406
103586210011190,60,84,141,120,405
103586210010778,77,90,124,114,405
103586210010764,67,80,135,123,405
103586210008588,63,77,145,120,405
103586210009877,69,72,147,117,405
103586210008704,66,89,133,117,405
103586210011009,66,83,138,118,405
103586210011433,68,83,143,111,405
103586210011925,61,78,142,124,405
103586210009229,71,82,134,118,405
103586210010728,66,84,139,116,405
103586210009461,69,78,144,114,405
103586210012045,69,81,148,107,405
103586210012399,72,77,147,109,405
103586210010998,66,88,141,110,405
103586210010080,67,82,143,113,405
103586210011823,72,87,136,110,405
103586210011574,74,88,138,105,405
103586210012119,68,79,143,115,405
103586210012219,66,88,138,113,405
103586210009707,70,83,143,108,404
103586210011696,70,78,142,114,404
103586210010584,66,81,142,115,404
103586210009578,67,70,149,118,404
103586210009009,73,84,138,109,404
103586210010081,66,87,138,113,404
103586210011167,67,85,141,111,404
103586210010658,68,76,144,116,404
103586210010278,67,89,137,111,404
103586210009147,68,84,128,124,404
103586210009575,72,82,137,113,404
103586210009580,63,77,144,120,404
103586210011333,74,90,134,106,404
103586210009653,63,81,141,119,404
103586210011058,63,76,139,125,403
103586210008963,69,83,145,106,403
103586210011432,67,81,136,119,403
103586210010623,71,84,134,114,403
103586210012122,63,89,134,117,403
103586210009189,66,82,134,121,403
103586210010490,62,80,145,116,403
103586210009335,67,86,143,107,403
103586210009428,66,87,143,107,403
103586210010286,72,89,136,106,403
103586210008965,72,84,137,110,403
103586210012346,63,83,136,121,403
103586210008955,65,77,142,119,403
103586210010798,67,78,144,114,403
103586210011615,64,83,143,113,403
103586210009039,65,84,138,116,403
103586210011402,65,76,147,115,403
103586210011553,72,85,141,104,402
103586210011102,72,84,137,109,402
103586210010043,66,73,147,116,402
103586210010723,71,82,137,112,402
103586210009560,64,83,137,118,402
103586210010646,72,85,142,103,402
103586210010659,67,80,139,116,402
103586210009123,61,82,138,121,402
103586210008918,70,84,138,110,402
103586210008956,68,85,136,113,402
103586210011170,72,78,129,123,402
103586210010885,69,68,145,120,402
103586210009909,70,78,142,112,402
103586210009953,68,80,137,117,402
103586210010983,61,79,146,116,402
103586210008961,73,83,132,114,402
103586210010382,71,81,142,108,402
103586210008802,73,82,129,118,402
103586210010084,64,81,147,109,401
103586210011037,65,75,144,117,401
103586210008958,67,76,143,115,401
103586210009577,63,83,147,108,401
103586210010119,69,86,130,116,401
103586210010316,61,77,135,128,401
103586210009256,68,80,137,116,401
103586210010299,68,79,143,111,401
103586210012162,69,82,139,111,401
103586210012290,66,86,139,110,401
103586210008686,73,78,137,113,401
103586210009285,63,85,141,112,401
103586210010733,75,84,121,121,401
103586210011377,64,83,148,106,401
103586210012074,65,80,140,116,401
103586210010657,66,75,149,111,401
103586210012044,69,84,127,121,401
103586210011564,66,79,135,121,401
103586210012316,67,80,143,110,400
103586210010287,66,81,139,114,400
103586210011538,74,88,134,104,400
103586210011537,63,83,142,112,400
103586210010249,67,86,142,105,400
103586210011211,68,83,141,108,400
103586210011298,65,84,141,110,400
103586210010543,66,73,148,113,400
103586210008667,64,83,148,105,400
103586210010632,61,83,150,106,400
103586210009181,60,88,143,109,400
103586210011098,67,79,145,109,400
103586210012393,62,77,142,119,400
103586210011791,69,81,139,111,400
103586210011451,65,89,137,109,400
103586210012116,70,84,132,113,399
103586210010414,67,82,138,112,399
103586210009840,66,82,148,103,399
103586210012233,68,77,144,110,399
103586210009565,62,81,138,118,399
103586210008539,65,80,126,128,399
103586210011201,76,81,140,102,399
103586210009767,68,75,142,114,399
103586210009984,74,84,119,122,399
103586210009722,64,80,138,117,399
103586210010823,67,85,127,120,399
103586210011195,63,79,141,116,399
103586210011219,63,85,137,114,399
103586210012462,64,81,137,117,399
103586210011088,70,67,144,118,399
103586210010283,69,83,140,107,399
103586210009968,72,76,149,102,399
103586210011052,71,83,133,112,399
103586210011072,69,82,127,120,398
103586210011126,66,78,133,121,398
103586210010471,66,82,135,115,398
103586210012091,69,86,139,104,398
103586210008881,70,80,143,105,398
103586210010682,65,76,145,112,398
103586210012285,68,81,135,114,398
103586210011356,68,77,136,117,398
103586210008639,70,88,133,107,398
103586210010344,74,78,132,114,398
103586210009446,68,88,133,109,398
103586210012394,66,80,144,108,398
103586210011533,63,75,148,112,398
103586210012515,60,79,138,121,398
103586210011346,70,85,128,115,398
103586210011711,65,79,144,110,398
103586210010071,66,83,146,103,398
103586210010738,65,80,142,111,398
103586210009292,67,89,134,108,398
103586210009605,67,83,131,117,398
103586210008694,75,86,134,103,398
103586210010985,69,83,136,110,398
103586210009196,68,83,146,101,398
103586210010160,65,83,140,110,398
103586210011930,63,82,136,117,398
103586210010031,62,77,150,109,398
103586210011966,70,80,138,110,398
103586210009872,64,79,142,113,398
103586210012465,71,87,127,113,398
103586210010400,66,77,143,112,398
103586210009550,73,79,142,104,398
103586210010861,69,74,142,112,397
103586210009350,67,78,132,120,397
103586210009304,70,82,140,105,397
103586210009198,62,76,148,111,397
103586210011161,65,78,139,115,397
103586210010633,67,81,146,103,397
103586210009020,70,76,126,125,397
103586210009144,69,79,129,120,397
103586210009720,67,82,134,114,397
103586210010499,69,86,132,110,397
103586210012236,68,82,145,102,397
103586210009986,64,86,133,114,397
103586210012163,67,87,131,112,397
103586210009959,61,80,148,108,397
103586210012398,66,79,148,104,397
103586210009552,70,80,145,102,397
103586210010622,62,74,141,120,397
103586210011902,63,84,141,109,397
103586210009374,63,73,149,112,397
103586210012269,67,83,142,105,397
103586210011278,64,84,135,113,396
103586210010147,63,86,142,105,396
103586210009199,62,75,148,111,396
103586210009261,67,80,137,112,396
103586210009542,62,85,135,114,396
103586210011582,75,85,131,105,396
103586210012104,68,79,149,100,396
103586210009281,63,83,137,113,396
103586210010076,67,84,138,107,396
103586210009549,63,85,129,119,396
103586210012182,74,84,136,102,396
103586210011619,73,80,133,110,396
103586210010431,64,82,139,111,396
103586210010040,65,79,128,124,396
103586210010095,68,80,142,106,396
103586210011769,67,88,127,114,396
103586210011732,63,83,140,110,396
103586210009024,67,80,134,115,396
103586210010258,74,78,138,106,396
103586210010452,63,77,141,115,396
103586210012359,62,83,140,110,395
103586210009576,62,82,141,110,395
103586210009964,70,71,140,114,395
103586210011827,65,88,140,102,395
103586210009391,67,76,149,103,395
103586210010048,69,77,136,113,395
103586210011311,62,81,149,103,395
103586210010634,64,83,141,107,395
103586210010399,65,80,137,113,395
103586210012110,68,81,136,110,395
103586210012385,71,79,135,110,395
103586210011003,64,83,142,106,395
103586210011627,78,86,129,102,395
103586210011073,63,79,145,108,395
103586210011848,68,84,131,112,395
103586210012165,64,77,138,116,395
103586210010570,66,80,149,100,395
103586210009252,66,85,122,122,395
103586210012146,62,82,130,121,395
103586210009366,72,83,131,108,394
103586210011357,63,80,136,115,394
103586210009866,68,73,137,116,394
103586210011527,69,82,141,102,394
103586210011594,65,83,143,103,394
103586210008859,69,80,128,117,394
103586210008883,68,81,145,100,394
103586210010521,65,82,132,115,394
103586210009973,70,85,132,107,394
103586210011374,71,79,139,105,394
103586210009551,72,79,139,104,394
103586210011668,62,75,143,114,394
103586210011120,67,78,134,115,394
103586210008964,60,87,138,109,394
103586210009450,65,86,142,101,394
103586210008626,62,81,137,114,394
103586210011331,63,81,141,109,394
103586210010760,64,81,145,103,393
103586210012479,70,76,132,115,393
103586210009447,68,84,130,111,393
103586210011813,69,79,121,124,393
103586210008538,68,77,140,108,393
103586210011351,70,79,137,107,393
103586210009402,66,78,139,110,393
103586210011657,65,80,136,112,393
103586210010151,73,89,125,106,393
103586210011199,66,79,146,102,393
103586210011709,67,81,136,109,393
103586210010596,61,82,137,113,393
103586210011508,64,81,142,106,393
103586210011947,70,79,140,104,393
103586210012392,65,83,136,109,393
103586210010555,62,78,144,109,393
103586210010794,63,85,138,107,393
103586210010905,65,73,142,112,392
103586210011571,68,78,130,116,392
103586210008546,72,88,122,110,392
103586210010288,69,87,126,110,392
103586210010641,64,82,139,107,392
103586210010480,67,76,139,110,392
103586210010408,74,77,130,111,392
103586210011387,66,82,134,110,392
103586210011385,63,85,138,106,392
103586210011572,70,78,138,106,392
103586210011661,67,80,137,108,392
103586210009314,67,73,139,113,392
103586210012294,66,77,134,115,392
103586210010114,70,75,147,100,392
103586210010996,66,81,137,108,392
103586210010956,69,72,146,105,392
103586210011494,69,87,126,110,392
103586210009132,61,82,134,114,391
103586210010876,66,78,136,111,391
103586210009476,66,77,131,117,391
103586210010706,69,83,132,107,391
103586210009269,66,80,141,104,391
103586210011184,64,88,129,110,391
103586210010509,65,82,140,104,391
103586210009544,64,84,138,105,391
103586210008872,73,87,130,101,391
103586210009783,63,87,135,106,391
103586210008797,66,80,137,108,391
103586210009048,67,70,142,112,391
103586210009621,64,87,134,106,391
103586210011583,64,85,139,103,391
103586210011208,74,73,133,111,391
103586210009315,70,83,136,102,391
103586210010058,72,77,137,105,391
103586210010161,61,78,138,114,391
103586210010259,64,86,139,102,391
103586210012416,70,83,129,109,391
103586210011933,64,83,142,102,391
103586210009747,64,72,141,114,391
103586210009131,66,81,130,114,391
103586210011915,65,75,124,127,391
103586210011602,71,84,133,103,391
103586210011644,69,82,136,104,391
103586210011580,60,84,131,116,391
103586210010407,62,77,143,108,390
103586210010146,62,82,133,113,390
103586210012280,63,78,132,117,390
103586210010162,66,87,122,115,390
103586210011566,67,80,131,112,390
103586210010564,66,81,139,104,390
103586210011407,60,78,149,103,390
103586210011006,66,79,139,106,390
103586210009384,62,86,135,107,390
103586210009211,73,84,126,107,390
103586210009801,70,73,135,112,390
103586210009235,66,77,134,113,390
103586210008869,67,88,134,101,390
103586210010547,71,84,126,109,390
103586210012153,73,85,120,112,390
103586210010672,62,79,135,114,390
103586210010534,67,78,128,117,390
103586210012339,67,76,146,101,390
103586210009355,64,79,140,106,389
103586210011541,63,86,139,101,389
103586210008781,60,80,139,110,389
103586210011202,67,83,135,104,389
103586210011548,69,82,132,106,389
103586210011277,67,79,137,106,389
103586210008903,68,86,121,114,389
103586210009774,66,77,140,106,389
103586210009255,66,85,137,101,389
103586210011398,61,82,143,103,389
103586210009677,72,85,128,104,389
103586210008952,74,80,129,106,389
103586210009139,65,82,133,109,389
103586210008808,73,84,128,104,389
103586210010072,64,82,137,106,389
103586210011013,69,81,129,110,389
103586210011916,74,83,122,110,389
103586210012252,68,83,135,103,389
103586210010943,69,73,137,110,389
103586210010891,70,67,135,117,389
103586210011637,63,84,131,111,389
103586210010895,66,80,142,101,389
103586210011587,69,86,131,103,389
103586210011473,71,81,134,103,389
103586210008815,60,79,130,120,389
103586210008724,64,77,138,109,388
103586210010186,65,85,131,107,388
103586210010088,68,85,131,104,388
103586210012461,60,82,144,102,388
103586210008971,66,80,130,112,388
103586210011829,70,87,129,102,388
103586210010604,62,65,138,123,388
103586210009561,63,83,141,101,388
103586210008554,66,83,139,100,388
103586210011659,69,76,134,109,388
103586210011907,70,79,117,122,388
103586210011348,67,83,130,108,388
103586210010101,60,88,129,111,388
103586210011811,69,76,143,100,388
103586210012090,71,78,131,108,388
103586210011408,69,85,126,108,388
103586210010433,65,81,129,113,388
103586210010060,63,83,133,109,388
103586210012211,69,85,133,101,388
103586210009433,73,85,130,100,388
103586210010884,65,85,127,111,388
103586210010093,74,83,129,102,388
103586210011188,71,80,133,104,388
103586210012406,61,83,137,107,388
